Naviforce, 1987, Prata Brilhante, 123, teste teste tes, 14
nasd, 1234, prata blecsm, 1234, dsfd fsiasoc sad, 1
1, 55, 3, 4, 5, 1
2, 67, 4, 4, 5, 1
1, 68, 3, 434, 5, 3
1, 69, 3, 4, 5, 4
1, 70, 3, 4, 5, 6
nasd, 5800, prata blecsm, 1234, dsfd fsiasoc sad, 1
nasd, 7789, prata blecsm, 1234, dsfd fsiasoc sad, 1
nasd, 1376, prata blecsm, 1234, dsfd fsiasoc sad, 1
nasd, 3467, prata blecsm, 1234, dsfd fsiasoc sad, 1
nasd, 9876, prata blecsm, 1234, dsfd fsiasoc sad, 1
rolex, 1967, Prata, 1550, Teste, 50
adsad, 12578, dsada, 1289, asdfds, 12
